"id","name","code","account_type","chart_template_id/id","tag_ids/id","reconcile","name@fr_BE"
"a000","Company creditors, beneficiaries of third party guarantees","000","off_balance","","False"
"a001","Third party guarantees on behalf of the company","001","off_balance","","False"
"a010","Accounts receivable for commitments on bills in circulation","010","off_balance","","False"
"a0110","Creditors of commitments on bills in circulation - Bids ceded by the company under its backing","0110","off_balance","","False"
"a0111","Creditors of commitments on notes in circulation - Other commitments on notes in circulation","0111","off_balance","","False"
"a012","Accounts receivable for other personal guarantees","012","off_balance","","False"
"a013","Creditors of other personal guarantees","013","off_balance","","False"
"a020","Company creditors, beneficiaries of real guarantees","020","off_balance","","False"
"a021","Actual guarantees established for own account","021","off_balance","","False"
"a022","Creditors of third parties, beneficiaries of real guarantees","022","off_balance","","False"
"a023","Real guarantees provided on behalf of third parties","023","off_balance","","False"
"a030","Statutory deposits","030","off_balance","","False"
"a031","Statutory applicants","031","off_balance","","False"
"a032","Guarantees received","032","off_balance","","False"
"a033","Constituents of guarantees","033","off_balance","","False"
"a040","Third parties, holders in their name but at the risks and profits of the business of goods and values","040","off_balance","","False"
"a041","Goods and securities held by third parties on their behalf but at the risk and profit of the company","041","off_balance","","False"
"a050","Acquisition commitments","050","off_balance","","False"
"a051","Creditors of acquisition commitments","051","off_balance","","False"
"a052","Accounts receivable for assignment commitments","052","off_balance","","False"
"a053","Sale commitment","053","off_balance","","False"
"a060","Forward transactions - Goods purchased (to be received)","060","off_balance","","False"
"a061","Creditors for goods purchased at term","061","off_balance","","False"
"a062","Accounts receivable for goods sold forward","062","off_balance","","False"
"a063","Forward transactions - Goods sold (to be delivered)","063","off_balance","","False"
"a064","Forward transactions - Currencies purchased (to be received)","064","off_balance","","False"
"a065","Creditors for forward currency purchases","065","off_balance","","False"
"a066","Accounts receivable for currencies sold forward","066","off_balance","","False"
"a067","Forward transactions - Currencies sold (to be delivered)","067","off_balance","","False"
"a0700","Long-term usage rights - On land and buildings","0700","off_balance","","False"
"a0701","Long-term usage rights - On installations, machines and tools","0701","off_balance","","False"
"a0702","Long-term usage rights - On furniture and rolling stock","0702","off_balance","","False"
"a071","Rent and royalty creditors","071","off_balance","","False"
"a072","Goods and values ​​from third parties received on deposit, consignment or custom","072","off_balance","","False"
"a073","Principals and depositors of goods and securities","073","off_balance","","False"
"a074","Goods and securities held for accounts or at the risk and profit of third parties","074","off_balance","","False"
"a075","Creditors of property and securities held on behalf of third parties or at their risk and profit","075","off_balance","","False"
"a090","Concordat resolution commitments","090","off_balance","","False"
"a091","Concordat resolution claims","091","off_balance","","False"
"a092","Creditors under debt restructuring conditions","092","off_balance","","False"
"a093","Duties on loan conditions","093","off_balance","","False"
"a094","Ongoing litigation","094","off_balance","","False"
"a095","Creditors of pending litigation","095","off_balance","","False"
"a096","Debtors on technical guarantees","096","off_balance","","False"
"a097","Rights on technical guarantees","097","off_balance","","False"
"a098","Holders of options (buying or selling securities)","098","off_balance","","False"
"a099","Options (buy or sell) on securities issued.","099","off_balance","","False"
"a100","Issued capital","100","equity","","False"
"a101","Uncalled capital","101","equity","","False"
"a11","Share premium account","11","equity","","False"
"a120","Revaluation surpluses on intangible fixed assets","120","equity","","False"
"a121","Revaluation surpluses on tangible fixed assets","121","equity","","False"
"a122","Revaluation surpluses on financial fixed assets","122","equity","","False"
"a123","Revaluation surpluses on stocks","123","equity","","False"
"a124","Decrease in amounts written down current investments","124","equity","","False"
"a130","Legal reserve","130","equity","","False"
"a1310","Reserves not available in respect of own shares held","1310","equity","","False"
"a1311","Other reserves not available","1311","equity","","False"
"a132","Untaxed reserves","132","equity","","False"
"a133","Available reserves","133","equity","","False"
"a15","Investment grants","15","equity","","False"
"a151","Investment grants received in cash","151","equity","","False"
"a152","Investment grants received in kind","152","equity","","False"
"a160","Provisions for pensions and similar obligations","160","liability_non_current","","False"
"a161","Provisions for taxation","161","liability_non_current","","False"
"a162","Provisions for major repairs and maintenance","162","liability_non_current","","False"
"a163","Provisions for environmental obligations","163","liability_non_current","","False"
"a1680","Deferred taxes on investment grants","1680","liability_non_current","","False"
"a1681","Deferred taxes on gain on disposal of intangible fixed assets","1681","liability_non_current","","False"
"a1682","Deferred taxes on gain on disposal of tangible fixed assets","1682","liability_non_current","","False"
"a1687","Deferred taxes on gain on disposal of securities issued by Belgian public authorities","1687","liability_non_current","","False"
"a1688","Foreign deferred taxes","1688","liability_non_current","","False"
"a1700","Subordinated loans with a remaining term of more than one year - Convertible bonds","1700","liability_non_current","","False"
"a1701","Subordinated loans with a remaining term of more than one year - Non convertible bonds","1701","liability_non_current","","False"
"a1710","Unsubordinated debentures with a remaining term of more than one year - Convertible bonds","1710","liability_non_current","","False"
"a1711","Unsubordinated debentures with a remaining term of more than one year - Non convertible bonds","1711","liability_non_current","","False"
"a1730","Amounts payable to credit institutions with a remaining term of more than one year - Current account payable","1730","liability_non_current","","False"
"a1731","Amounts payable to credit institutions with a remaining term of more than one year - Promissory notes","1731","liability_non_current","","False"
"a1732","Amounts payable to credit institutions with a remaining term of more than one year - Bank acceptances","1732","liability_non_current","","False"
"a174","Other loans with a remaining term of more than one year","174","liability_non_current","","False"
"a1750","Suppliers (more than one year)","1750","liability_non_current","","False"
"a1751","Bills of exchange payable after more than one year","1751","liability_non_current","","False"
"a176","Advances received on contracts in progress (more than one year)","176","liability_non_current","","False"
"a178","Amounts payable with a remaining term of more than one year - Guarantees received in cash","178","liability_non_current","","False"
"a1790","Miscellaneous amounts payable with a remaining term of more than one year - Interest-bearing","1790","liability_non_current","","False"
"a1791","Miscellaneous amounts payable with a remaining term of more than one year - Non interest-bearing or with an abnormally low interest rate","1791","liability_non_current","","False"
"a1792","Miscellaneous amounts payable with a remaining term of more than one year - Cash Deposit","1792","liability_non_current","","False"
"a19","Advance to associates on the sharing out of the assets","19","liability_non_current","","False"
"a200","Formation or capital increase expenses","200","asset_non_current","","False"
"a201","Loan issue expenses","201","asset_non_current","","False"
"a202","Other formation expenses","202","asset_non_current","","False"
"a204","Restructuring costs","204","asset_non_current","","False"
"a210","Research and development costs","210","asset_non_current","","False"
"a211","Concessions, patents, licences, know-how, brands and similar rights","211","asset_non_current","","False"
"a212","Goodwill","212","asset_non_current","","False"
"a213","Intangible fixed assets - Advance payments","213","asset_non_current","","False"
"a220","Land","220","asset_non_current","","False"
"a2201","Land owned by the association or the foundation in full property","2201","asset_non_current","","False"
"a2202","Other land","2202","asset_non_current","","False"
"a221","Buildings","221","asset_non_current","","False"
"a2211","Building owned by the association or the foundation in full property","2211","asset_non_current","","False"
"a2212","Other building","2212","asset_non_current","","False"
"a222","Developed land","222","asset_non_current","","False"
"a2221","Built-up lands owned by the association or the foundation in full property","2221","asset_non_current","","False"
"a2222","Other built-up lands","2222","asset_non_current","","False"
"a223","Other rights to immovable property","223","asset_non_current","","False"
"a2231","Other rights to immovable property belonging to the association or the foundation in full property","2231","asset_non_current","","False"
"a2232","Other rights to immovable property - Other","2232","asset_non_current","","False"
"a23","Plant, machinery and equipment","23","asset_non_current","","False"
"a231","Plant, machinery and equipment owned by the association or the foundation in full property","231","asset_non_current","","False"
"a232","Other plant, machinery and equipment","232","asset_non_current","","False"
"a24","Furniture and vehicles","24","asset_non_current","","False"
"a241","Furniture and vehicles owned by the association or the foundation in full property","241","asset_non_current","","False"
"a242","Other furniture and vehicles","242","asset_non_current","","False"
"a250","Leasing and similar rights - Land and buildings","250","asset_non_current","","False"
"a251","Leasing and similar rights - Plant, machinery and equipment","251","asset_non_current","","False"
"a252","Leasing and similar rights - Furniture and vehicles","252","asset_non_current","","False"
"a26","Other tangible fixed assets","26","asset_non_current","","False"
"a261","Other tangible fixed assets owned by the association or the foundation in full property","261","asset_non_current","","False"
"a262","Other tangible fixed assets - Other","262","asset_non_current","","False"
"a27","Tangible fixed assets under construction and advance payments","27","asset_non_current","","False"
"a2800","Participating interests and shares in associated enterprises - Acquisition value","2800","asset_fixed","","False"
"a2801","Participating interests and shares in associated enterprises - Uncalled amounts","2801","asset_fixed","","False"
"a2808","Participating interests and shares in associated enterprises - Revaluation surpluses","2808","asset_fixed","","False"
"a2809","Participating interests and shares in associated enterprises - Amounts written down","2809","asset_fixed","","False"
"a2810","Amounts receivable from affiliated enterprises - Current account","2810","asset_fixed","","False"
"a2811","Amounts receivable from affiliated enterprises - Bills receivable","2811","asset_fixed","","False"
"a2812","Amounts receivable from affiliated enterprises - Fixed income securities","2812","asset_fixed","","False"
"a2817","Other amounts receivable from affiliated enterprises - Doubtful amounts","2817","asset_fixed","","False"
"a2819","Amounts receivable from affiliated enterprises - Amounts written down","2819","asset_fixed","","False"
"a2820","Participating interests and shares in enterprises linked by a participating interest - Acquisition value","2820","asset_fixed","","False"
"a2821","Participating interests and shares in enterprises linked by a participating interest - Uncalled amounts","2821","asset_fixed","","False"
"a2828","Participating interests and shares in enterprises linked by a participating interest - Revaluation surpluses","2828","asset_fixed","","False"
"a2829","Participating interests and shares in enterprises linked by a participating interest - Amounts written down","2829","asset_fixed","","False"
"a2830","Amounts receivable from other enterprises linked by participating interests - Current account","2830","asset_fixed","","False"
"a2831","Amounts receivable from other enterprises linked by participating interests - Bills receivable","2831","asset_fixed","","False"
"a2832","Amounts receivable from other enterprises linked by participating interests - Fixed income securities","2832","asset_fixed","","False"
"a2837","Amounts receivable from other enterprises linked by participating interests - Doubtful amounts","2837","asset_fixed","","False"
"a2839","Amounts receivable from other enterprises linked by participating interests - Amounts written down","2839","asset_fixed","","False"
"a2840","Other participating interests and shares - Acquisition value","2840","asset_fixed","","False"
"a2841","Other participating interests and shares - Uncalled amounts","2841","asset_fixed","","False"
"a2848","Other participating interests and shares - Revaluation surpluses","2848","asset_fixed","","False"
"a2849","Other participating interests and shares - Amounts written down","2849","asset_fixed","","False"
"a2850","Other financial assets - Current account","2850","asset_fixed","","False"
"a2851","Other financial assets - Bills receivable","2851","asset_fixed","","False"
"a2852","Other financial assets - Fixed income securities","2852","asset_fixed","","False"
"a2857","Other financial assets - Doubtful amounts","2857","asset_fixed","","False"
"a2859","Other financial assets - Amounts written down","2859","asset_fixed","","False"
"a288","Other financial assets - Cash Guarantees","288","asset_fixed","","False"
"a2900","Trade debtors after more than one year - Customer","2900","asset_fixed","","False"
"a2901","Trade debtors after more than one year - Bills receivable","2901","asset_fixed","","False"
"a2906","Trade debtors after more than one year - Advance payments","2906","asset_fixed","","False"
"a2907","Trade debtors after more than one year - Doubtful amounts","2907","asset_fixed","","False"
"a2909","Trade debtors after more than one year - Amounts written down","2909","asset_fixed","","False"
"a2910","Other amounts receivable after more than one year - Current account","2910","asset_fixed","","False"
"a2911","Other amounts receivable after more than one year - Bills receivable","2911","asset_fixed","","False"
"a2915","Non interest-bearing amounts receivable after more than one year or with an abnormally low interest rate","2915","asset_fixed","","False"
"a2917","Other amounts receivable after more than one year - Doubtful amounts","2917","asset_fixed","","False"
"a2919","Other amounts receivable after more than one year - Amounts written down","2919","asset_fixed","","False"
"a300","Raw materials - Acquisition value","300","asset_current","","False"
"a309","Raw materials - amounts written down","309","asset_current","","False"
"a310","Consumables - Acquisition value","310","asset_current","","False"
"a319","Consumables - amounts written down","319","asset_current","","False"
"a320","Work in progress - Acquisition value","320","asset_current","","False"
"a329","Work in progress - amounts written down","329","asset_current","","False"
"a330","Finished goods - Acquisition value","330","asset_current","","False"
"a339","Finished goods - amounts written down","339","asset_current","","False"
"a340","Goods purchased for resale - Acquisition value","340","asset_current","","False"
"a349","Goods purchased for resale - amounts written down","349","asset_current","","False"
"a350","Immovable property intended for sale - Acquisition value","350","asset_current","","False"
"a359","Immovable property intended for sale - amounts written down","359","asset_current","","False"
"a360","Advance payments on purchases for stocks - Acquisition value","360","asset_current","","False"
"a369","Advance payments on purchases for stocks - amounts written down","369","asset_current","","False"
"a370","Contracts in progress - Acquisition value","370","asset_current","","False"
"a371","Contracts in progress - Profit recognised","371","asset_current","","False"
"a379","Contracts in progress - amounts written down","379","asset_current","","False"
"a400","Trade debtors within one year - Customer","400","asset_receivable","","True"
"a4001","Customer (POS)","4001","asset_receivable","","True"
"a401","Trade debtors within one year - Bills receivable","401","asset_current","","False"
"a404","Trade debtors within one year - Income receivable","404","asset_current","","True"
"a406","Trade debtors within one year - Advance payments","406","asset_receivable","","True"
"a407","Trade debtors within one year - Doubtful amounts","407","asset_receivable","","True"
"a409","Trade debtors within one year - Amounts written down","409","asset_current","","False"
"a410","Called up capital, unpaid","410","asset_current","","False"
"a411","VAT recoverable","411","asset_current","","False"
"a4112","VAT recoverable - Current Account","4112","asset_current","","False"
"a412","Taxes and withholdings taxes to be recovered","412","asset_current","","False"
"a4128","Taxes and withholdings taxes to be recovered - Foreign taxes","4128","asset_current","","False"
"a413","Grants receivable","413","asset_current","","False"
"a414","Other amounts receivable within one year - Income receivable","414","asset_current","","False"
"a415","Non interest-bearing amounts receivable within one year or with an abnormally low interest rate","415","asset_current","","False"
"a416","Other amounts receivable within one year - Sundry amounts","416","asset_current","","False"
"a417","Other amounts receivable within one year - Doubtful amounts","417","asset_current","","False"
"a418","Other amounts receivable within one year - Guarantees paid in cash","418","asset_current","","False"
"a419","Other amounts receivable within one year - Amounts written down","419","asset_current","","False"
"a4200","Subordinated loans payable after more than one year falling due within one year - Convertible","4200","liability_current","","False"
"a4201","Subordinated loans payable after more than one year falling due within one year - Non convertible","4201","liability_current","","False"
"a4210","Unsubordinated debentures payable after more than one year falling due within one year - Convertible","4210","liability_current","","False"
"a4211","Unsubordinated debentures payable after more than one year falling due within one year - Non convertible","4211","liability_current","","False"
"a422","Leasing and similar obligations payable after more than one year falling due within one year","422","liability_current","","False"
"a4230","Amounts payable after more than one year falling due within one year to credit institutions - Current account payable","4230","liability_current","","False"
"a4231","Amounts payable after more than one year falling due within one year to credit institutions - Promissory notes","4231","liability_current","","False"
"a4232","Amounts payable after more than one year falling due within one year to credit institutions - Bank acceptances","4232","liability_current","","False"
"a424","Other loans payable after more than one year falling due within one year","424","liability_current","","False"
"a4250","Amounts payable after more than one year falling due within one year to suppliers","4250","liability_current","","False"
"a4251","Bills of exchange payable after more than one year falling due within one year","4251","liability_current","","False"
"a426","Advance payments received on contract in progress payable after more than one year falling due within one year","426","liability_current","","False"
"a428","Amounts payable after more than one year falling due within one year - Guarantees received in cash","428","liability_current","","False"
"a429","Miscellaneous amounts payable after more than one year falling due within one year","429","liability_current","","False"
"a430","Amounts payable within one year to credit institutions - Fixed term loans","430","liability_current","","False"
"a431","Amounts payable within one year to credit institutions - Promissory notes","431","liability_current","","False"
"a432","Amounts payable within one year to credit institutions - Bank acceptances","432","liability_current","","False"
"a433","Amounts payable within one year to credit institutions - Current account payable","433","liability_current","","False"
"a439","Other loans payable within one year","439","liability_current","","False"
"a440","Suppliers payable within one year","440","liability_payable","","True"
"a441","Bills of exchange payable within one year","441","liability_current","","False"
"a444","Invoices to be received payable within one year","444","liability_current","","True"
"a450","Estimated taxes payable","450","liability_current","","False"
"a4508","Estimated taxes payable - Foreign taxes","4508","liability_current","","False"
"a451","VAT payable","451","liability_current","","False"
"a451054","VAT payable - compartment 54","451054","liability_current","","False"
"a451055","VAT payable - Intracommunity acquisitions - box 55","451055","liability_current","","False"
"a451056","VAT payable - reverse charge (cocontracting) - compartment 56","451056","liability_current","","False"
"a451057","VAT payable - reverse charge (import) - compartment 57","451057","liability_current","","False"
"a451063","VAT payable - credit notes - compartment 63","451063","liability_current","","False"
"a4512","VAT due - Current Account","4512","liability_current","","False"
"a451800","VAT payable - revisions insufficiencies","451800","liability_current","","False"
"a451820","VAT payable - revisions of deductions","451820","liability_current","","False"
"a451830","VAT payable - revisions","451830","liability_current","","False"
"a452","Taxes payable","452","liability_current","","False"
"a4528","Taxes payable - Foreign taxes","4528","liability_current","","False"
"a453","Taxes withheld","453","liability_current","","False"
"a454","Remuneration and social security - National Social Security Office","454","liability_current","","False"
"a455","Remuneration and social security - Remuneration","455","liability_current","","False"
"a456","Remuneration and social security - Holiday pay","456","liability_current","","False"
"a459","Remuneration and social security - Other social obligations","459","liability_current","","False"
"a460","Advances to be received within one year","460","liability_current","","False"
"a461","Advances received","461","liability_current","","False"
"a470","Dividends and director's fees relating to prior financial periods","470","liability_current","","False"
"a471","Dividends - Current financial period","471","liability_current","","False"
"a472","Director's fees - Current financial period","472","liability_current","","False"
"a473","Other allocations","473","liability_current","","False"
"a480","Miscellaneous amounts payable within one year - Debentures and matured coupons","480","liability_current","","False"
"a483","Miscellaneous amounts payable within one year - Grants to repay","483","liability_current","","False"
"a487","Lent securities to return","487","liability_current","","False"
"a488","Miscellaneous amounts payable within one year - Guarantees received in cash","488","liability_current","","False"
"a4890","Miscellaneous amounts payable within one year - Sundry interest-bearing amounts payable","4890","liability_current","","False"
"a4891","Miscellaneous amounts payable within one year - Sundry non interest-bearing amounts payable or with an abnormally low interest rate","4891","liability_current","","False"
"a490","Deferred charges","490","asset_current","","False"
"a491","Accrued income","491","asset_current","","False"
"a492","Accrued charges","492","liability_current","","False"
"a493","Deferred income","493","liability_current","","False"
"a496","Foreign currency translation differences - Assets","496","asset_current","","False"
"a497","Foreign currency translation differences - Liabilities","497","liability_current","","False"
"a499","Suspense account","499","asset_current","","False"
"a500","Current investments other than shares, fixed income securities and term accounts - Cost","500","asset_current","","False"
"a509","Current investments other than shares, fixed income securities and term accounts - Amounts written down","509","asset_current","","False"
"a510","Shares and current investments other than fixed income investments - Acquisition value","510","asset_current","","False"
"a511","Shares and current investments other than fixed income investments - Uncalled amount","511","asset_current","","False"
"a519","Shares and current investments other than fixed income investments - Amounts written down","519","asset_current","","False"
"a520","Fixed income securities - Acquisition value","520","asset_current","","False"
"a529","Fixed income securities - Amounts written down","529","asset_current","","False"
"a530","Fixed term deposit over one year","530","asset_current","","False"
"a531","Fixed term deposit between one month and one year","531","asset_current","","False"
"a532","Fixed term deposit up to one month","532","asset_current","","False"
"a539","Fixed term deposit - Amounts written down","539","asset_current","","False"
"a54","Cash at bank - Amounts overdue and in the process of collection","54","asset_cash","","False"
"a55","Cash at bank - Credit institutions","55","asset_cash","","False"
"a560","Cash at bank - Giro account - Bank account","560","asset_cash","","False"
"a561","Cash at bank - Giro account - Cheques issued","561","asset_cash","","False"
"a57","Cash in hand","57","asset_cash","","False"
"a578","Cash in hand - Stamps","578","asset_cash","","False"
"a58","Cash at bank and in hand - Internal transfers of funds","58","asset_cash","","False"
"a600","Purchases of raw materials","600","expense","account.account_tag_operating","False"
"a601","Purchases of consumables","601","expense","account.account_tag_operating","False"
"a602","Purchases of services, works and studies","602","expense","account.account_tag_operating","False"
"a603","Sub-contracting","603","expense","account.account_tag_operating","False"
"a604","Purchases of goods for resale","604","expense","account.account_tag_operating","False"
"a605","Purchases of immovable property for resale","605","expense","","False"
"a608","Discounts, allowance and rebates received on purchase of raw materials, consumables","608","expense","","False"
"a6090","Decrease (increase) in stocks of raw materials","6090","expense","","False"
"a6091","Decrease (increase) in stocks of consumables","6091","expense","","False"
"a6094","Decrease (increase) in stocks of goods purchased for resale","6094","expense","","False"
"a6095","Decrease (increase) in immovable property for resale","6095","expense","","False"
"a61","Services and other goods","61","expense","account.account_tag_operating","False"
"a617","Costs of hired temporary staff and persons placed at the enterprise's disposal","617","expense","","False"
"a618","Remuneration, premiums for extra statutory insurance, pensions of the directors, or the management staff which are not allowed following the contract","618","expense","","False"
"a6200","Remuneration and direct social benefits - Directors and managers","6200","expense","account.account_tag_operating","False"
"a6201","Remuneration and direct social benefits - Executive","6201","expense","account.account_tag_operating","False"
"a6202","Remuneration and direct social benefits - Employees","6202","expense","account.account_tag_operating","False"
"a6203","Remuneration and direct social benefits - Manual workers","6203","expense","account.account_tag_operating","False"
"a6204","Remuneration and direct social benefits - Other staff members","6204","expense","account.account_tag_operating","False"
"a621","Employers' contribution for social security","621","expense","account.account_tag_operating","False"
"a622","Employers' premiums for extra statutory insurance","622","expense","","False"
"a623","Other personnel costs","623","expense","","False"
"a6240","Retirement and survivors' pensions - Directors and managers","6240","expense","","False"
"a6241","Retirement and survivors' pensions - Personnel","6241","expense","","False"
"a6300","Depreciation of formation expenses","6300","expense","","False"
"a6301","Depreciation of intangible fixed assets","6301","expense","account.account_tag_operating","False"
"a6302","Depreciation of tangible fixed assets","6302","expense","account.account_tag_operating","False"
"a6308","Amounts written off intangible fixed assets","6308","expense","","False"
"a6309","Amounts written off tangible fixed assets","6309","expense","","False"
"a6310","Amounts written off stocks - Appropriations","6310","expense","account.account_tag_operating","False"
"a6311","Amounts written off stocks - Write-backs","6311","expense","","False"
"a6320","Amounts written off contracts in progress - Appropriations","6320","expense","account.account_tag_operating","False"
"a6321","Amounts written off contracts in progress - Write-backs","6321","expense","","False"
"a6330","Amounts written off trade debtors (more than one year) - Appropriations","6330","expense","","False"
"a6331","Amounts written off trade debtors (more than one year) - Write-backs","6331","expense","","False"
"a6340","Amounts written off trade debtors (within one year) - Appropriations","6340","expense","","False"
"a6341","Amounts written off trade debtors (within one year) - Write-backs","6341","expense","","False"
"a6350","Provisions for pensions and similar obligations - Appropriations","6350","expense","","False"
"a6351","Provisions for pensions and similar obligations - Uses and write-backs","6351","expense","","False"
"a6360","Provision for major repairs and maintenance - Appropriations","6360","expense","","False"
"a6361","Provision for major repairs and maintenance - Uses and write-backs","6361","expense","","False"
"a6370","Provisions for other risks and charges - Appropriations","6370","expense","","False"
"a6371","Provisions for other risks and charges - Uses (write-back)","6371","expense","","False"
"a6380","Provisions for other risks and charges - Provisions for environmental obligations excluded - Appropriations","6380","expense","","False"
"a6381","Provisions for other risks and charges - Provisions for environmental obligations excluded - Uses (write-back)","6381","expense","","False"
"a640","Taxes related to operation","640","expense","account.account_tag_operating","False"
"a64012","Non deductible taxes","64012","expense","account.account_tag_operating","False"
"a641","Loss on ordinary disposal of tangible fixed assets","641","expense","","False"
"a642","Loss on ordinary disposal of trade debtors","642","expense","","False"
"a643","Operating charges - Gifts","643","expense","","False"
"a6431","Operating charges - Gifts with a recovery right","6431","expense","","False"
"a6432","Operating charges - Gifts without any recovery right","6432","expense","","False"
"a649","Operating charges carried to assets as restructuring costs","649","expense","","False"
"a6500","Interests, commissions and other charges relating to debts","6500","expense","","False"
"a6501","Depreciation of loan issue expenses","6501","expense","","False"
"a6502","Other debt charges","6502","expense","","False"
"a6503","Capitalized Interests","6503","expense","","False"
"a6510","Amounts written off current assets except stocks, contracts in progress and trade debtors - Appropriations","6510","expense","","False"
"a6511","Amounts written off current assets except stocks, contracts in progress and trade debtors - Write-backs","6511","expense","","False"
"a652","Losses on disposal of current assets","652","expense","","False"
"a653","Amount of the discount borne by the enterprise, as a result of negotiating amounts receivable","653","expense","account.account_tag_financing","False"
"a654","Financial charges - Exchange differences","654","expense","account.account_tag_financing","False"
"a655","Financial charges - Foreign currency translation differences","655","expense","","False"
"a6560","Provisions of a financial nature - Appropriations","6560","expense","account.account_tag_financing","False"
"a6561","Provisions of a financial nature - Uses and write-backs","6561","expense","","False"
"a659","Financial charges carried to assets as restructuring costs","659","expense","","False"
"a6600","Non-recurring depreciation of and amounts written off formation expenses","6600","expense","account.account_tag_investing","False"
"a6601","Non-recurring depreciation of and amounts written off intangible fixed assets","6601","expense","","False"
"a6602","Non-recurring depreciation of and amounts written off tangible fixed assets","6602","expense","","False"
"a661","Amounts written off financial fixed assets","661","expense","","False"
"a66200","Provisions for non-recurring operating liabilities and charges - Appropriations","66200","expense","","False"
"a66201","Provisions for non-recurring operating liabilities and charges - Uses","66201","expense","","False"
"a66210","Provisions for non-recurring financial liabilities and charges - Appropriations","66210","expense","","False"
"a66211","Provisions for non-recurring financial liabilities and charges - Uses","66211","expense","","False"
"a6630","Capital losses on disposal of intangible and tangible fixed assets","6630","expense","","False"
"a6631","Capital losses on disposal of financial fixed assets","6631","expense","","False"
"a668","Other  non-recurring financial charges","668","expense","","False"
"a6690","Non-recurring operating charges carried to assets as restructuring costs","6690","expense","","False"
"a6691","Non-recurring financial charges carried to assets as restructuring costs","6691","expense","","False"
"a6700","Belgian income taxes on the result of the current period - Income taxes paid and withholding taxes due or paid","6700","expense","account.account_tag_operating","False"
"a6701","Belgian and foreign income taxes - Income taxes - Withholding taxes on immovables","6701","expense","","False"
"a6702","Belgian and foreign income taxes - Income taxes - Withholding taxes on investment income","6702","expense","","False"
"a6703","Belgian and foreign income taxes - Income taxes - Other income taxes","6703","expense","","False"
"a6710","Belgian income taxes on the result of prior periods - Additional charges for income taxes due or paid","6710","expense","","False"
"a6711","Belgian income taxes on the result of prior periods - Additional charges for estimated income taxes","6711","expense","","False"
"a6712","Belgian income taxes on the result of prior periods - Additional charges for income taxes provided for","6712","expense","","False"
"a672","Foreign income taxes on the result of the current period","672","expense","","False"
"a673","Foreign income taxes on the result of prior periods","673","expense","","False"
"a680","Transfer to deferred taxes","680","expense","","False"
"a689","Transfer to untaxed reserves","689","expense","","False"
"a690","Loss brought forward","690","expense","","False"
"a691","Appropriations to capital and share premium account","691","expense","","False"
"a6920","Appropriations to legal reserve","6920","expense","","False"
"a6921","Appropriations to other reserves","6921","expense","","False"
"a693","Profits to be carried forward","693","expense","","False"
"a694","Dividends","694","expense","","False"
"a695","Directors' or managers' entitlements","695","expense","","False"
"a696","Employees' entitlements","696","expense","","False"
"a697","Other allocations entitlements","697","expense","","False"
"a7000","Sales rendered in Belgium (marchandises)","7000","income","account.account_tag_operating","False"
"a7001","Sales rendered in E.E.C. (marchandises)","7001","income","account.account_tag_operating","False"
"a7002","Sales rendered for export (marchandises)","7002","income","account.account_tag_operating","False"
"a7010","Sales rendered in Belgium (finished goods)","7010","income","account.account_tag_operating","False"
"a7011","Sales rendered in E.E.C. (finished goods)","7011","income","account.account_tag_operating","False"
"a7012","Sales rendered for export (finished goods)","7012","income","account.account_tag_operating","False"
"a7050","Services rendered in Belgium","7050","income","account.account_tag_operating","False"
"a7051","Services rendered in E.E.C.","7051","income","account.account_tag_operating","False"
"a7052","Services rendered for export","7052","income","account.account_tag_operating","False"
"a708","Discounts, allowances and rebates allowed","708","income","","False"
"a71","Increase (decrease) in stocks of finished goods and work and contracts in progress","71","income","","False"
"a712","Increase (decrease) in work in progress","712","income","","False"
"a713","Increase (decrease) in stocks of finished goods","713","income","","False"
"a715","Increase (decrease) in stocks of immovable property constructed for resale","715","income","","False"
"a7170","Increase (decrease) in contracts in progress - Acquisition value","7170","income","","False"
"a7171","Increase (decrease) in contracts in progress - Profit recognized","7171","income","","False"
"a72","Own work capitalised","72","income","","False"
"a730","Contributions from effective members","730","income","","False"
"a731","Contributions from members","731","income","","False"
"a732","Gifts without any recovery right","732","income","","False"
"a733","Gifts with a recovery right","733","income","","False"
"a734","Legacies without any recovery right","734","income","","False"
"a735","Legacies with a recovery right","735","income","","False"
"a736","Contributions, gifts, legacies and grants - Investment grants and interest subsidies","736","income","","False"
"a737","Operating Subsidies","737","income","","False"
"a738","Compensatory amounts meant to reduce wage costs","738","income","","False"
"a740","Operating subsidies and compensatory amounts","740","income","account.account_tag_operating","False"
"a741","Gain on ordinary disposal of tangible fixed assets","741","income","","False"
"a742","Gain on ordinary disposal of trade debtors","742","income","","False"
"a750","Income from financial fixed assets","750","income","account.account_tag_financing","False"
"a751","Income from current assets","751","income","account.account_tag_financing","False"
"a752","Gain on disposal of current assets","752","income","account.account_tag_financing","False"
"a753","Investment grants and interest subsidies","753","income","account.account_tag_financing","False"
"a754","Financial income - Exchange differences","754","income","account.account_tag_financing","False"
"a755","Financial income - Foreign currency translation differences","755","income","account.account_tag_financing","False"
"a7600","Write-back of depreciation and of amounts written off intangible fixed assets","7600","income","account.account_tag_investing","False"
"a7601","Write-back of depreciation and of amounts written off tangible fixed assets","7601","income","","False"
"a761","Write-back of amounts written down financial fixed assets","761","income","","False"
"a7620","Write-back of provisions for non-recurring operating liabilities and charges","7620","income","","False"
"a7621","Write-back of provisions for non-recurring financial liabilities and charges","7621","income","","False"
"a7630","Capital gains on disposal of intangible and tangible fixed asset","7630","income","","False"
"a7631","Capital gains on disposal of financial fixed assets","7631","income","","False"
"a769","Other  non-recurring financial income","769","income","","False"
"a77","Adjustment of income taxes and write-back of tax provisions","77","income","","False"
"a7710","Adjustment of Belgian income taxes - Taxes due or paid","7710","income","account.account_tag_operating","False"
"a7711","Adjustment of Belgian income taxes - Estimated taxes","7711","income","account.account_tag_operating","False"
"a7712","Adjustment of Belgian income taxes - Tax provisions written back","7712","income","","False"
"a773","Adjustment of foreign income taxes","773","income","","False"
"a780","Transfer from deferred taxes","780","income","account.account_tag_operating","False"
"a789","Transfer from untaxed reserves","789","income","account.account_tag_operating","False"
"a790","Profit brought forward","790","income","","False"
"a791","Withdrawal from the association or foundation funds","791","income","","False"
"a792","Withdrawal from allocated funds","792","income","","False"
"a793","Losses to be carried forward","793","income","","False"
"a794","Owners' contribution in respect of losses","794","income","","False"
